-- Supabase SQL Editor でそのまま実行できるサンプル seed
-- 注意: 開発用。既存データを消して入れ直します。

BEGIN;

TRUNCATE TABLE likes, follows, posts, users RESTART IDENTITY CASCADE;

INSERT INTO users (id, email, password_hash, username, display_name, bio, avatar_url, header_url)
VALUES
  ('00000000-0000-0000-0000-000000000001', 'tanaka@example.com', 'demo_hashed_password_tanaka', 'user_1', '田中 太郎', 'Next.js と Prisma を学習中です。', 'https://i.pravatar.cc/150?img=1', 'https://picsum.photos/seed/tanaka/1200/400'),
  ('00000000-0000-0000-0000-000000000002', 'sato@example.com', 'demo_hashed_password_sato', 'user_2', '佐藤 花子', 'Supabase で API 開発をしています。', 'https://i.pravatar.cc/150?img=2', 'https://picsum.photos/seed/sato/1200/400'),
  ('00000000-0000-0000-0000-000000000003', 'suzuki@example.com', 'demo_hashed_password_suzuki', 'user_3', '鈴木 一郎', 'UI/UX デザイン担当です。', 'https://i.pravatar.cc/150?img=3', 'https://picsum.photos/seed/suzuki/1200/400');

INSERT INTO posts (id, user_id, content, reply_to_id)
VALUES
  ('10000000-0000-0000-0000-000000000001', '00000000-0000-0000-0000-000000000001', 'はじめての投稿です。よろしくお願いします！ #自己紹介', NULL),
  ('10000000-0000-0000-0000-000000000002', '00000000-0000-0000-0000-000000000002', 'Prisma migrate が通ってうれしいです。', NULL),
  ('10000000-0000-0000-0000-000000000003', '00000000-0000-0000-0000-000000000003', '@user_1 ようこそ！一緒に開発がんばりましょう。', '10000000-0000-0000-0000-000000000001');

INSERT INTO likes (id, user_id, post_id)
VALUES
  ('20000000-0000-0000-0000-000000000001', '00000000-0000-0000-0000-000000000002', '10000000-0000-0000-0000-000000000001'),
  ('20000000-0000-0000-0000-000000000002', '00000000-0000-0000-0000-000000000003', '10000000-0000-0000-0000-000000000001'),
  ('20000000-0000-0000-0000-000000000003', '00000000-0000-0000-0000-000000000001', '10000000-0000-0000-0000-000000000002');

INSERT INTO follows (id, follower_id, following_id)
VALUES
  ('30000000-0000-0000-0000-000000000001', '00000000-0000-0000-0000-000000000001', '00000000-0000-0000-0000-000000000002'),
  ('30000000-0000-0000-0000-000000000002', '00000000-0000-0000-0000-000000000002', '00000000-0000-0000-0000-000000000003'),
  ('30000000-0000-0000-0000-000000000003', '00000000-0000-0000-0000-000000000003', '00000000-0000-0000-0000-000000000001');

COMMIT;
